Model,Condition,Top1,Params,ExtractTime(s),LatencyPerImg(ms),PeakMem(MB),BestLR
resnet50,original,0.6779,23508032,85.43,14.25,493.65,0.001
dinov2_vits14,original,0.8792,22056576,38.26,6.38,369.41,0.0001
clip_vit_b16,original,0.7963,149620737,41.36,6.90,1014.03,0.0001
dinov2_vits14,bbox,0.8433,22056576,33.91,5.66,369.41,0.0005
dinov2_vits14,seg_fg,0.8440,22056576,79.68,13.29,369.41,0.0001
resnet50,bbox,0.6405,23508032,27.61,4.61,493.65,0.001
resnet50,seg_fg,0.6365,23508032,40.39,6.74,493.65,0.001
clip_vit_b16,bbox,0.6736,149620737,36.93,6.16,1014.03,0.0001
clip_vit_b16,seg_fg,0.7289,149620737,49.29,8.22,1014.03,0.0001
dinov2_vits14,bg_only,0.3921,22056576,38.56,6.43,369.41,0.0001
dinov2_vits14,bg_swap,0.8669,22056576,40.23,6.71,369.41,0.0001
resnet50,bg_only,0.2173,23508032,41.83,6.98,493.65,0.0001
resnet50,bg_swap,0.6736,23508032,40.19,6.70,493.65,0.001
clip_vit_b16,bg_only,0.2587,149620737,50.80,8.47,1014.03,0.0001
clip_vit_b16,bg_swap,0.7416,149620737,50.56,8.43,1014.03,0.001
